sample_index,audit_seed,audit_strata,gold_id,ticket_id,repo,base_commit,file_path,mapping_status,mapping_method,mapping_confidence,exclusion_reason,symbol_id,qualified_name,symbol_kind,start_line,start_column,end_line,end_column,change_type,hunk_index,old_file_path,new_file_path,old_start_line,old_line_count,new_start_line,new_line_count,matched_old_lines,context_old_lines,insertion_anchor_line,patch_sha256,review_status,file_correct,qualified_name_correct,symbol_kind_correct,review_note
1,20260902,deletion multi_file_ticket nested_symbol,sha256:1e78d6995fdea9863401f2ef824b175f6a1cb0068c2259f4a6ce21fe381f08be,pallets__flask-4642,pallets/flask,97298e06fe19298c3ff9d2e0ed9ba70bb3fda2c8,src/flask/app.py,mapped,modified_line_containment,1.0,,sha256:6572869dbd161934f6390480be19d2a4db68f816dfe946213125286e04ce1d6d,Flask.run,method,846,4,966,43,modified,2,src/flask/app.py,src/flask/app.py,908,12,910,18,911 912 914 916,908 909 910 913 915 917 918 919,913,sha256:591ac4027fe23bdc3cd5752c7476a08b5c333cf084b21c247db928265ba2c63d,approved,true,true,true,Verified patch lines 911-916 inside Flask.run.
2,20260902,module_level multi_file_ticket,sha256:ece0c8b6da1ee2d948bd51b42427242e2cedd3c05f02ded722c112efb4425450,pallets__flask-4642,pallets/flask,97298e06fe19298c3ff9d2e0ed9ba70bb3fda2c8,src/flask/cli.py,mapped,module_level,0.8,,sha256:d58ff710ec7380e93cdac5599090410721ce570fbf9a9b5c512d094bc4c87166,<module>,module,965,0,965,0,modified,6,src/flask/cli.py,src/flask/cli.py,963,6,967,7,,963 964 965 966 967 968,965,sha256:591ac4027fe23bdc3cd5752c7476a08b5c333cf084b21c247db928265ba2c63d,approved,true,true,true,Verified module-level FlaskGroup construction in src/flask/cli.py.
3,20260902,deletion multi_file_ticket nested_symbol,sha256:89925fbbed6f4a41fa29933a7a5d1e6341f15f4573a147e864706bde88e730a8,pydata__xarray-4184,pydata/xarray,65ca92a5c0a4143d00dd7a822bcb1d49738717f1,xarray/core/dataset.py,mapped,modified_line_containment,1.0,,sha256:48ed4b2342ab37575edb172d11c385f094c5e7885b1c93c178089f2c54b921cc,Dataset._set_sparse_data_from_dataframe,method,4545,4,4580,37,modified,1,xarray/core/dataset.py,xarray/core/dataset.py,4557,11,4556,7,4560 4561 4562 4563 4564,4557 4558 4559 4565 4566 4567,4565,sha256:5d2925997f560d21b34fc9454d7315d1022b08a0fe4ca77cbe870a403a43ec2b,approved,true,true,true,Verified changed lines 4560-4564 inside Dataset._set_sparse_data_from_dataframe.
4,20260902,module_level,sha256:8f153cc4412474c19104130f51fc173b00cc74da92e944053b7fd97fbed3f26f,pallets__flask-5063,pallets/flask,182ce3dd15dfa3537391c3efaf9c3ff407d134d4,src/flask/cli.py,mapped,module_level,1.0,,sha256:6b947fe996b973fb462fe4713f4e90f5988becab2bf51b83bace7e3a458b8a54,<module>,module,12,0,12,0,modified,0,src/flask/cli.py,src/flask/cli.py,9,7,9,7,12,9 10 11 13 14 15,13,sha256:f9c1ef426acac91e34d551f80f34dfe27fc124ac316af71d70eec1764b4a6497,approved,true,true,true,Verified changed import at module scope in src/flask/cli.py.
5,20260902,module_level multi_file_ticket,sha256:53e8b716cf6e3e1a3c7e54b6bd4925fb74c036bb750bb29fb44b19ad0db3a8cf,sympy__sympy-13903,sympy/sympy,99fdff6c86b73018148f9c22f680d6874b0f4f2c,sympy/printing/fcode.py,mapped,module_level,1.0,,sha256:8eec3fdfa7fcd6aa51b3c75ec6e9dbafc2d16a780b19ab0d181b2dd9c9e3908e,<module>,module,53,0,53,0,modified,0,sympy/printing/fcode.py,sympy/printing/fcode.py,50,7,50,9,53,50 51 52 54 55 56,54,sha256:8c22e45923a04a4e40f8407ca3f57f8843cb92634e3a58f0be4ef9e10afcf28a,approved,true,true,true,Verified known_functions dictionary change at module scope.
6,20260902,deletion,sha256:d130364525aeb82927103915cc6a5392b23c3b707e97472a8ff617927b16c8ee,scikit-learn__scikit-learn-13087,scikit-learn/scikit-learn,a73260db9c0b63d582ef4a7f3c696b68058c1c43,sklearn/calibration.py,mapped,modified_line_containment,1.0,,sha256:67205e5efab55696106ac11d0c7639bc3d753183b66868689fde68cde49c05b5,calibration_curve,function,522,0,586,31,modified,2,sklearn/calibration.py,sklearn/calibration.py,572,7,581,16,575,572 573 574 576 577 578,576,sha256:9667f5018660566ced3e586505e69efe7ac679cb5440bd156093ce955fa9432a,approved,true,true,true,Verified changed bin strategy lines inside calibration_curve.
7,20260902,deletion nested_symbol,sha256:66e27b0a3719ad8d50223b04e51a664457405caaaa3aa8124afdd1b6651490e9,mwaskom__seaborn-2389,mwaskom/seaborn,bcdac5411a1b71ff8d4a2fd12a937c129513e79e,seaborn/matrix.py,mapped,modified_line_containment,1.0,,sha256:4f878a05d55c1aecc685c708397bcb1150d1909dba9d6db544f98a3d699d386f,_HeatMapper.__init__,method,99,4,192,67,modified,2,seaborn/matrix.py,seaborn/matrix.py,132,9,125,6,135 136 137,132 133 134 138 139 140,,sha256:8c963cd941894c696827496053b08c1a4ab573feab13352bb16088a683c91fb4,approved,true,true,true,Verified against patch hunk base source and independent AST.
8,20260902,deletion multi_file_ticket nested_symbol,sha256:6da46f14dbb65ae65c2b45f7cb11151daf37a089c11bc50058d112665413f732,pydata__xarray-4184,pydata/xarray,65ca92a5c0a4143d00dd7a822bcb1d49738717f1,xarray/core/dataset.py,mapped,modified_line_containment,1.0,,sha256:48ed4b2342ab37575edb172d11c385f094c5e7885b1c93c178089f2c54b921cc,Dataset._set_sparse_data_from_dataframe,method,4545,4,4580,37,modified,0,xarray/core/dataset.py,xarray/core/dataset.py,4543,11,4543,10,4546 4550,4543 4544 4545 4547 4548 4549 4551 4552 4553,4547,sha256:5d2925997f560d21b34fc9454d7315d1022b08a0fe4ca77cbe870a403a43ec2b,approved,true,true,true,Verified against patch hunk base source and independent AST.
9,20260902,module_level multi_file_ticket,sha256:0bd3fd30c632df2cfbe08cc41b09bfde8977c62b9575fd5bdffdc652e0d6fb05,django__django-15139,django/django,08d8bccbf1b0764a0de68325569ee47da256e206,django/contrib/sessions/serializers.py,mapped,module_level,0.8,,sha256:853c2a931669748cd49d4c3018c8ce18e69dee3f47c86caef52e19d4fd703e5b,<module>,module,1,0,1,0,modified,0,django/contrib/sessions/serializers.py,django/contrib/sessions/serializers.py,1,3,1,4,,1 2 3,1,sha256:eda6a963b0a542eca714643ceb6c713353670377c9a5faa7e53e1de0e4619aad,approved,true,true,true,Verified against patch hunk base source and independent AST.
10,20260902,pure_addition,sha256:baf7f17d42f5048feca5ab433feb51cd8d9e82b0cd456063dd025c1c4efdf1a8,psf__requests-1768,psf/requests,847735553aeda6e6633f2b32e14ba14ba86887a4,requests/utils.py,mapped,insertion_anchor_containment,0.8,,sha256:fafb2b7783f3882dcadb550c6665abb3c509a865c9ab202842851fbbf53b5d81,get_auth_from_url,function,557,0,564,23,modified,1,requests/utils.py,requests/utils.py,558,6,558,7,,558 559 560 561 562 563,560,sha256:0fecab56da0b8c7b9ab835770f0911e9d7b1ff5862227ce15b912a10ae6c011c,approved,true,true,true,Verified against patch hunk base source and independent AST.
11,20260902,deletion nested_symbol,sha256:93230b17a92fe530bea4c388b709aa24fb0adc1855ba5d39958274ce7e3d3324,pallets__flask-4169,pallets/flask,66d9d4fa8d07dd50e4cb3036a9ae5f92c4693b84,src/flask/cli.py,mapped,modified_line_containment,1.0,,sha256:03ff400a150c86560e4a7e0c8bb5548bf4e4249df279a445e9864e0d21506a0b,DispatchingApp.__init__,method,311,4,323,38,modified,0,src/flask/cli.py,src/flask/cli.py,312,7,312,7,315,312 313 314 316 317 318,316,sha256:55b454613c216e69d95791ca67db720d986b44100da5e458a966f39d0c53f062,approved,true,true,true,Verified against patch hunk base source and independent AST.
12,20260902,deletion multi_file_ticket nested_symbol,sha256:c975ca88a1616e585f3b026cfd6d6117c6881c9af31e71741dc33c626bc820f4,matplotlib__matplotlib-26341,matplotlib/matplotlib,2aee6ccd7c7e1f8d282c1e7579f4ee546b838542,lib/matplotlib/axes/_base.py,mapped,modified_line_containment,1.0,,sha256:b3e8aa075db4c084131a9fb911a2e936f5f17530565da9bc608bee7156d7db0a,_process_plot_var_args.__getstate__,method,227,4,229,40,modified,1,lib/matplotlib/axes/_base.py,lib/matplotlib/axes/_base.py,224,18,223,11,227 228 229,224 225 226 235 236 237 239 240 241,239,sha256:cc30e06e9c4bc5ff197516196a0830f2ffad27d1b74555c6734b3db29edcfcc8,approved,true,true,true,Verified against patch hunk base source and independent AST.
13,20260902,pure_addition,sha256:2e737682bba51708ccd12ff3094b39b934fc870372a179cbe675abfed7b6671b,django__django-16517,django/django,c626173833784c86920b448793ac45005af4c058,django/contrib/admindocs/utils.py,mapped,insertion_anchor_containment,0.8,,sha256:e46f337fffb74cfc9e7611a5bcec8f3ddd44f863af1578a5d9fb9146e77b432b,create_reference_role,function,103,0,121,71,modified,0,django/contrib/admindocs/utils.py,django/contrib/admindocs/utils.py,101,6,101,9,,101 102 103 104 105 106,103,sha256:57df7875d4357dc532adf7158282485a013adf4f3728ab1c28cfd9293660930a,approved,true,true,true,Verified against patch hunk base source and independent AST.
14,20260902,module_level,sha256:d1ac98cda21d063d8d8a3b89b0305c1261fb80478fe3215138d05af575ea73f3,django__django-14399,django/django,958cdf65ae90d26236d1815bbba804729595ec7a,django/conf/__init__.py,mapped,module_level,0.8,,sha256:54443103ef24a6ff43fbbdb78df92268c72537333751da4a36f31a6e6ae38ba9,<module>,module,11,0,11,0,modified,0,django/conf/__init__.py,django/conf/__init__.py,9,10,9,12,,9 10 11 12 13 14 15 16 17 18,11,sha256:920b660e69a8f5d01d383c7ff143a06ab760b2fe5316982db557ab9267ca60d2,approved,true,true,true,Verified against patch hunk base source and independent AST.
15,20260902,deletion nested_symbol,sha256:eb229317dce91150a489ea0fd88fe2d28ff104448709e86d519aeb0eb8b6e26b,pydata__xarray-4940,pydata/xarray,48378c4b11c5c2672ff91396d4284743165b4fbe,xarray/core/dataset.py,mapped,modified_line_containment,1.0,,sha256:f332382faad6609b7e9992a5b7d6016535121888de2f993b3f5bd15e25255e54,Dataset.argmax,method,6920,4,6981,13,modified,6,xarray/core/dataset.py,xarray/core/dataset.py,6953,26,6950,24,6956 6958 6959 6960 6961 6962 6968 6975,6953 6954 6955 6957 6963 6964 6965 6966 6967 6969 6970 6971 6972 6973 6974 6976 6977 6978,6957,sha256:1d617e625a7afdf974cdfded84b2141d9f20f3d86baaef1fd5a79b89f5b2a20a,approved,true,true,true,Verified against patch hunk base source and independent AST.
16,20260902,module_level,sha256:f8dc87da92a26d32fd11e5db32444b16095bbe93cb9ed800c52cec2970c9c254,django__django-14785,django/django,93f3b7a0ba2969109940775a18515728603afac6,django/db/models/fields/__init__.py,mapped,module_level,0.8,,sha256:080d81b8795e76b42594d0404a96fab73f20d6304a7e224baa74f7bcda8bb14d,<module>,module,4,0,4,0,modified,0,django/db/models/fields/__init__.py,django/db/models/fields/__init__.py,2,6,2,7,,2 3 4 5 6 7,4,sha256:019e10b60c7050cda4369ec39f8118ce4033badf72d5c582f544571439c06b75,approved,true,true,true,Verified against patch hunk base source and independent AST.
17,20260902,module_level multi_file_ticket,sha256:4e93417d02e6f62f763cf5cd1c7b9f49f70631b9bd918a729ec6c86d7e34b399,psf__requests-1776,psf/requests,4bceb312f1b99d36a25f2985b5606e98b6f0d8cd,requests/auth.py,mapped,module_level,0.8,,sha256:e726186ceb7455354ce957ebec2e3e1477768f9a18f833c2fa50e31620bfb8f8,<module>,module,18,0,18,0,modified,0,requests/auth.py,requests/auth.py,16,6,16,7,,16 17 18 19 20 21,18,sha256:b523f16420da794e0bfb2ed13de62f50e76bf1187dd05ad3e632c6e29a68a23a,approved,true,true,true,Verified against patch hunk base source and independent AST.
18,20260902,pure_addition,sha256:041a69458fa605da848fb689bce973e5e1f66f6d08ee7bf8ac07ae64192a7d61,pylint-dev__pylint-6357,pylint-dev/pylint,cb37ae4fc24a8756a5f965cdc6ab9c472f909ab0,pylint/checkers/similar.py,mapped,insertion_anchor_containment,0.8,,sha256:29f181b2e943d730aba75af73ae78c25e6ff4a415449b68c34315b38bf984a0e,stripped_lines,function,560,0,652,24,modified,4,pylint/checkers/similar.py,pylint/checkers/similar.py,622,6,621,10,,622 623 624 625 626 627,624,sha256:a9aca1790b8a4e28fa8cf79d4d21aa991a37c7824a07f53cee7c24d7358f6fc0,approved,true,true,true,Verified against patch hunk base source and independent AST.
19,20260902,multi_file_ticket pure_addition,sha256:1e823fb98729f17a5ef5d670410d3e7f557d20a45ad478bc240695ec0d682893,astropy__astropy-13073,astropy/astropy,43ee5806e9c6f7d58c12c1cb9287b3c61abe489d,astropy/io/ascii/core.py,mapped,insertion_anchor_containment,0.8,,sha256:fc42d478bfdeceb9819ab9d7d9a710081969c7d2246b57c56a0a3b0374b9d7a5,BaseOutputter,class,1015,0,1084,34,modified,0,astropy/io/ascii/core.py,astropy/io/ascii/core.py,1016,7,1016,10,,1016 1017 1018 1019 1020 1021 1022,1018,sha256:491a351636fab32ca45f623ce82ee894f6631037db08d6948e03946bfafec763,approved,true,true,true,Verified against patch hunk base source and independent AST.
20,20260902,nested_symbol pure_addition,sha256:e2e150ab40107ad85dab4e908a185575a3743b0219c19b96ae0d9d18a8d034fa,django__django-14785,django/django,93f3b7a0ba2969109940775a18515728603afac6,django/db/models/fields/__init__.py,mapped,insertion_anchor_containment,0.8,,sha256:6b9c07ec8d7492605d5e24b9890da9b4e29b0a0840f40222a041eaacfd504e33,DecimalField.to_python,method,1538,4,1550,13,modified,1,django/db/models/fields/__init__.py,django/db/models/fields/__init__.py,1539,6,1540,12,,1539 1540 1541 1542 1543 1544,1541,sha256:019e10b60c7050cda4369ec39f8118ce4033badf72d5c582f544571439c06b75,approved,true,true,true,Verified against patch hunk base source and independent AST.
21,20260902,deletion multi_file_ticket,sha256:118b40919540e77a72df4e0872b88c1645a8a08c37d682fdb8f1f22512a1278e,django__django-15139,django/django,08d8bccbf1b0764a0de68325569ee47da256e206,django/core/cache/backends/redis.py,mapped,modified_line_containment,1.0,,sha256:642b7742a1543114c97a583a8db976089aa46916eda758007c3bfeeee87e8cde,RedisSerializer,class,12,0,28,38,modified,0,django/core/cache/backends/redis.py,django/core/cache/backends/redis.py,1,31,1,30,12 13 14 15 16,1 2 3 4 5 6 8 9 10 11 17 18 19 20 21 23 24 25 26 27 29 30 31,2,sha256:eda6a963b0a542eca714643ceb6c713353670377c9a5faa7e53e1de0e4619aad,approved,true,true,true,Verified against patch hunk base source and independent AST.
22,20260902,deletion nested_symbol,sha256:b9e8ce1cb8773c9e481716ef2f1a833676185cb390f47d6c3e3e50671dd2b6eb,pydata__xarray-4940,pydata/xarray,48378c4b11c5c2672ff91396d4284743165b4fbe,xarray/core/dataset.py,mapped,modified_line_containment,1.0,,sha256:855091b19bff70afad69c4d4421f73ad5230c0add91401863516e7d22eb2b3f5,Dataset.argmin,method,6857,4,6918,13,modified,1,xarray/core/dataset.py,xarray/core/dataset.py,6854,7,6860,7,6857,6854 6855 6856 6858 6859 6860,6858,sha256:1d617e625a7afdf974cdfded84b2141d9f20f3d86baaef1fd5a79b89f5b2a20a,approved,true,true,true,Verified against patch hunk base source and independent AST.
23,20260902,deletion,sha256:123b710af38ab938a2941385cdbe2595e47c8506a82c8f87f513b60c0042fc0f,pydata__xarray-5580,pydata/xarray,4bb9d9c6df77137f05e85c7cc6508fe7a93dc0e4,xarray/core/formatting.py,mapped,modified_line_containment,1.0,,sha256:f9feb024353b5806f5086089bde5deb4de35833f3218dd8e14870ccf5ded0e89,_mapping_repr,function,375,0,402,29,modified,0,xarray/core/formatting.py,xarray/core/formatting.py,377,14,377,12,380 381 387,377 378 379 382 383 384 385 386 388 389 390,388,sha256:a00c4034c21ae76a004470b2df354979e3d8e7027a6cfe8f137489ddf69f9375,approved,true,true,true,Verified against patch hunk base source and independent AST.
24,20260902,deletion nested_symbol,sha256:73bc8cfeee5df88e20765a3a16f5a3852b5bc33e07167bc8913f893232471e60,matplotlib__matplotlib-25404,matplotlib/matplotlib,b51a227058e16cdbc56890f49e3a0888ea02b9d2,lib/matplotlib/widgets.py,mapped,modified_line_containment,1.0,,sha256:03438d7d94c9b760aca513510af544231bbc3c21d5836ee4b5d23bc965ecbc10,_SelectorWidget.set_props,method,2458,4,2468,33,modified,0,lib/matplotlib/widgets.py,lib/matplotlib/widgets.py,2457,15,2457,16,2460 2461 2468,2457 2458 2459 2462 2463 2464 2465 2466 2467 2469 2470 2471,2462,sha256:0c013395a19ef9b5cf5779d73f08f010ec8c65c7705a796c0e72daac7aeba135,approved,true,true,true,Verified against patch hunk base source and independent AST.
25,20260902,multi_file_ticket pure_addition,sha256:90c47628fecb06ef8ff8b52ea6a0cd3e39200ca85edbf354e198932e15534ba9,pytest-dev__pytest-10893,pytest-dev/pytest,22524046cff84c66f128da9e3cdb993082445c75,src/_pytest/unittest.py,mapped,insertion_anchor_containment,0.8,,sha256:f57d8193b5cb1abf6ca387f524bc4884e1ea4d5f5b1a8d37dd2a2f796a344d57,TestCaseFunction,class,183,0,342,41,modified,0,src/_pytest/unittest.py,src/_pytest/unittest.py,298,6,298,9,,298 299 300 301 302 303,300,sha256:4df2577931b93db879e434bf97c7a4546c6aceff92d425b93d1886082326cf2a,approved,true,true,true,Verified against patch hunk base source and independent AST.
26,20260902,deletion multi_file_ticket nested_symbol,sha256:30938cdf5a50334a71a597c10ff8cd5c6e9c6280dae53929ffaa4432254ebb23,pallets__flask-4642,pallets/flask,97298e06fe19298c3ff9d2e0ed9ba70bb3fda2c8,src/flask/cli.py,mapped,modified_line_containment,1.0,,sha256:854505125676eaf39c620aa700cf5cadd3b83f50aabb086a2b9584f7624366d0,FlaskGroup.__init__,method,466,4,490,44,modified,2,src/flask/cli.py,src/flask/cli.py,477,7,479,13,480,477 478 479 481 482 483,481,sha256:591ac4027fe23bdc3cd5752c7476a08b5c333cf084b21c247db928265ba2c63d,approved,true,true,true,Verified against patch hunk base source and independent AST.
27,20260902,deletion nested_symbol,sha256:6c7f9616068c83876282550be9507ee9706eed2150ac1ca1e3533ac3827fb229,pydata__xarray-4940,pydata/xarray,48378c4b11c5c2672ff91396d4284743165b4fbe,xarray/core/dataset.py,mapped,modified_line_containment,1.0,,sha256:f332382faad6609b7e9992a5b7d6016535121888de2f993b3f5bd15e25255e54,Dataset.argmax,method,6920,4,6981,13,modified,4,xarray/core/dataset.py,xarray/core/dataset.py,6917,7,6917,7,6920,6917 6918 6919 6921 6922 6923,6921,sha256:1d617e625a7afdf974cdfded84b2141d9f20f3d86baaef1fd5a79b89f5b2a20a,approved,true,true,true,Verified against patch hunk base source and independent AST.
28,20260902,deletion,sha256:d798a655015cf55416119e0bcba7de14710c3ff9232e8c8de55fea22fc2acfdf,pydata__xarray-4684,pydata/xarray,0f1eb96c924bad60ea87edd9139325adabfefa33,xarray/coding/times.py,mapped,modified_line_containment,1.0,,sha256:a630ff19028244bbfe8bdf7bad6f15618277901cfb41a49517c90d6da8421c9a,_decode_datetime_with_pandas,function,138,0,169,75,modified,3,xarray/coding/times.py,xarray/coding/times.py,151,21,161,22,154 155 156 157 158 159 160 161 162 163 164 165 166 167,151 152 153 168 169 170 171,168,sha256:60f6e27ab978bdd563af3679eb84bdc3cde8826ad2963b5402f7b0ed69bc0390,approved,true,true,true,Verified against patch hunk base source and independent AST.
29,20260902,pure_addition,sha256:e541a404aca72ecb6a677e57f0c98c93454d11d4c7d736454765ee6f86018357,pylint-dev__pylint-6357,pylint-dev/pylint,cb37ae4fc24a8756a5f965cdc6ab9c472f909ab0,pylint/checkers/similar.py,mapped,insertion_anchor_containment,0.8,,sha256:29f181b2e943d730aba75af73ae78c25e6ff4a415449b68c34315b38bf984a0e,stripped_lines,function,560,0,652,24,modified,2,pylint/checkers/similar.py,pylint/checkers/similar.py,563,6,560,7,,563 564 565 566 567 568,565,sha256:a9aca1790b8a4e28fa8cf79d4d21aa991a37c7824a07f53cee7c24d7358f6fc0,approved,true,true,true,Verified against patch hunk base source and independent AST.
30,20260902,module_level,sha256:726079f983aba460a4abcc4760dc8d7c1c2ae7e5b37ca07141ed6eb1d07c9991,pydata__xarray-4684,pydata/xarray,0f1eb96c924bad60ea87edd9139325adabfefa33,xarray/coding/times.py,mapped,module_level,0.8,,sha256:21d9507ba30a8c03daea770c61835c9f94a1a8f1ada0ac8aa0cb1f9dfb69a47f,<module>,module,28,0,28,0,modified,0,xarray/coding/times.py,xarray/coding/times.py,26,6,26,7,,26 27 28 29 30 31,28,sha256:60f6e27ab978bdd563af3679eb84bdc3cde8826ad2963b5402f7b0ed69bc0390,approved,true,true,true,Verified against patch hunk base source and independent AST.
31,20260902,deletion,sha256:315155402ea83e6582ae37440f99e53976743981abc28255f20cfc946d5ea459,psf__requests-2393,psf/requests,d2d576b6b1101e2871c82f63adf2c2b534c2dabc,requests/utils.py,mapped,modified_line_containment,1.0,,sha256:5f0542ea1d368ba2334ab533c50c199f742c1df601e22caaa62c88c82b97b868,requote_uri,function,415,0,424,70,modified,0,requests/utils.py,requests/utils.py,418,10,418,18,421 422 423 424,418 419 420 425 426 427,425,sha256:7d2c24a5ffcaccf34014c9dfa783bcef44091d44cc9a28cde3e2f03e2493e57b,approved,true,true,true,Verified against patch hunk base source and independent AST.
32,20260902,deletion,sha256:0157bcbade40a8e00b1d85383b23bdb6263769341a6f24050054596c3842b76c,pylint-dev__pylint-6820,pylint-dev/pylint,b3523ae86eb68467dca536122bc4034639887a63,pylint/config/utils.py,mapped,modified_line_containment,1.0,,sha256:4f243eb9bf604330391693397f32708703aab20a6a5d7034cc4e4ac5c817484f,_preprocess_options,function,216,0,251,25,modified,1,pylint/config/utils.py,pylint/config/utils.py,230,12,244,21,233 238,230 231 232 234 235 236 237 239 240 241,234,sha256:11aa3d0b66fe0fd01c1090f71f2395b8aaef1811a39fd6664747bac07f82c5e1,approved,true,true,true,Verified against patch hunk base source and independent AST.
33,20260902,deletion nested_symbol,sha256:11b3b919987c6baea0fdd9097ece981ff2650bad9e4f6b5657c1ac888fd75757,sphinx-doc__sphinx-9798,sphinx-doc/sphinx,4c91c038b220d07bbdfe0c1680af42fe897f342c,sphinx/domains/python.py,mapped,modified_line_containment,1.0,,sha256:d1896cdd9f470d03a9a00d2a9ec56528b6f6300c819099c18379d37b58a0f6fd,PyXrefMixin.make_xrefs,method,346,4,367,22,modified,0,sphinx/domains/python.py,sphinx/domains/python.py,353,17,353,21,361,353 354 355 356 357 358 359 360 362 363 364 365 366 367 368 369,355,sha256:41be7334ae4aa928f0c2c8bf2a02404dd9a95fb193e04bef936bbf4bdfa3f7fa,approved,true,true,true,Verified against patch hunk base source and independent AST.
34,20260902,deletion multi_file_ticket,sha256:2679278f033a15aa41bb24c86aeebe098b42f9697e36df53fc31c96dd17881c1,mwaskom__seaborn-2813,mwaskom/seaborn,60e58eb07e4448694ca25e887684d39d5138babd,seaborn/axisgrid.py,mapped,modified_line_containment,1.0,,sha256:ca5b147b63c477bc7f0241f7f58beaf5a7a0ff3ff8a63b4cc5cfe044748348c2,pairplot,function,1975,0,2146,15,modified,0,seaborn/axisgrid.py,seaborn/axisgrid.py,2098,7,2098,7,2101,2098 2099 2100 2102 2103 2104,2102,sha256:a4d1a6c1cb9fa07e040f3119f1d2f7f829444a66f09006cbf527d5945171b50c,approved,true,true,true,Verified against patch hunk base source and independent AST.
35,20260902,deletion multi_file_ticket,sha256:45a91f74849b2408b74095579acda1e421896f0a6d538d19ac58451d983b403b,pallets__flask-4642,pallets/flask,97298e06fe19298c3ff9d2e0ed9ba70bb3fda2c8,src/flask/cli.py,mapped,modified_line_containment,1.0,,sha256:f63ef42a829859a4a016b545636155dda34f53f7776935aa42e4fad2c61c2d4c,show_server_banner,function,636,0,662,64,modified,4,src/flask/cli.py,src/flask/cli.py,637,7,641,7,640,637 638 639 641 642 643,641,sha256:591ac4027fe23bdc3cd5752c7476a08b5c333cf084b21c247db928265ba2c63d,approved,true,true,true,Verified against patch hunk base source and independent AST.
36,20260902,deletion nested_symbol,sha256:b85edd01272bd1121d7e272bb4ab67e6b9ca8f0880e7da23ae6cd24d5eecfc8f,matplotlib__matplotlib-25404,matplotlib/matplotlib,b51a227058e16cdbc56890f49e3a0888ea02b9d2,lib/matplotlib/widgets.py,mapped,modified_line_containment,1.0,,sha256:4aa09656e573a2aefb31c62b39ea1e96cba01b4e5dd89b8c40b40fe8ad2b3085,SpanSelector.__init__,method,2633,4,2687,27,modified,2,lib/matplotlib/widgets.py,lib/matplotlib/widgets.py,2670,7,2670,7,2673,2670 2671 2672 2674 2675 2676,2674,sha256:0c013395a19ef9b5cf5779d73f08f010ec8c65c7705a796c0e72daac7aeba135,approved,true,true,true,Verified against patch hunk base source and independent AST.
37,20260902,deletion,sha256:6990eb35fa42c4d75282e5584ff4a95b9679cde2ade3acd982c8be7f14336ba7,pydata__xarray-3649,pydata/xarray,3cbc459caa010f9b5042d3fa312b66c9b2b6c403,xarray/core/combine.py,mapped,modified_line_containment,1.0,,sha256:bbe0b4509547c21ff74527b2fed0680b0fed22b9f9efbd165c20d66ac4fb3d07,combine_by_coords,function,472,0,698,5,modified,2,xarray/core/combine.py,xarray/core/combine.py,536,7,542,8,539,536 537 538 540 541 542,540,sha256:443200b16f92efb3dec1fa26a091bbafde8452ae7725a87ed9a815c8025a9971,approved,true,true,true,Verified against patch hunk base source and independent AST.
38,20260902,module_level multi_file_ticket,sha256:067e461aa79f7b7372383d17f154ae2c09922be8a843502dc79ceedb57440f3b,pylint-dev__pylint-7097,pylint-dev/pylint,c33d237e6ea5795632295bb6390778a21e6f4080,pylint/checkers/imports.py,mapped,module_level,0.8,,sha256:b95ab96cf1b4d2e00e83061be04e038bd2bf2c139d3f5c6fc2b3b4131d8882d0,<module>,module,30,0,30,0,modified,0,pylint/checkers/imports.py,pylint/checkers/imports.py,28,6,28,7,,28 29 30 31 32 33,30,sha256:41d51344f12bbc341f520c1875c79828f1bba02c45ee91cb19b574a1ad449fec,approved,true,true,true,Verified against patch hunk base source and independent AST.
39,20260902,deletion,sha256:8418f8a2161a4fc373d736e42b32558e7991b1f35430892ecd22cb9ac9e146e7,pydata__xarray-3649,pydata/xarray,3cbc459caa010f9b5042d3fa312b66c9b2b6c403,xarray/core/combine.py,mapped,modified_line_containment,1.0,,sha256:8797ff01f7ef76f3d851ac87bba53f659d2f8444e5813127a93bbacd4da49886,_check_shape_tile_ids,function,118,0,141,13,modified,0,xarray/core/combine.py,xarray/core/combine.py,115,11,115,12,118 120 121 122,115 116 117 119 123 124 125,119,sha256:443200b16f92efb3dec1fa26a091bbafde8452ae7725a87ed9a815c8025a9971,approved,true,true,true,Verified against patch hunk base source and independent AST.
40,20260902,deletion,sha256:ff27f47345336ea078fecd72beace146e69f92c78cefda73834b5ce1ec85252c,astropy__astropy-14598,astropy/astropy,80c3854a5f4f4a6ab86c03d9db7854767fcd83c1,astropy/io/fits/card.py,mapped,modified_line_containment,1.0,,sha256:042b3e12aa23028499978ac7a36925786172860234ba07ce70206928384bd570,Card,class,41,0,1243,22,modified,0,astropy/io/fits/card.py,astropy/io/fits/card.py,66,7,66,7,69,66 67 68 70 71 72,70,sha256:867bc2472fb6f36b4bb180ae83d94b99533948f51c0f16f1e666dd87c9d4c396,approved,true,true,true,Verified against patch hunk base source and independent AST.
41,20260902,deletion nested_symbol,sha256:51d91d486df2f247cd16d08670aad5e6f0d4aff3f98d259d68930e0b5a3d4ee1,django__django-16517,django/django,c626173833784c86920b448793ac45005af4c058,django/contrib/admindocs/utils.py,mapped,modified_line_containment,1.0,,sha256:2092fc155a843c0aa8949acabcbf112841c0194c7f57745415249b17dfa8cb2e,create_reference_role.<locals>._role,function,104,4,119,25,modified,1,django/contrib/admindocs/utils.py,django/contrib/admindocs/utils.py,111,7,114,7,114,111 112 113 115 116 117,115,sha256:57df7875d4357dc532adf7158282485a013adf4f3728ab1c28cfd9293660930a,approved,true,true,true,Verified against patch hunk base source and independent AST.
42,20260902,deletion nested_symbol,sha256:c1fe02fe347d8bee1932e2164e0be810a142cf12b0b39ebdea8a6449db5790cb,pylint-dev__pylint-6357,pylint-dev/pylint,cb37ae4fc24a8756a5f965cdc6ab9c472f909ab0,pylint/checkers/similar.py,mapped,modified_line_containment,1.0,,sha256:747e9f94eb04567a74902ffd20231ecd364dc50a181a1a54def8b07cce00b03c,Similar.append_stream,method,359,4,390,16,modified,1,pylint/checkers/similar.py,pylint/checkers/similar.py,366,28,366,25,370 371 372 373 374 375 376 377 378 379 380 381 382 383 384 385 386 387 388 390,366 367 368 369 389 391 392 393,368,sha256:a9aca1790b8a4e28fa8cf79d4d21aa991a37c7824a07f53cee7c24d7358f6fc0,approved,true,true,true,Verified against patch hunk base source and independent AST.
43,20260902,deletion multi_file_ticket nested_symbol,sha256:b079214450d4187fd3c0931174ae4bd0b59f65cbfd8f4dd149e504b88d30a903,pylint-dev__pylint-7097,pylint-dev/pylint,c33d237e6ea5795632295bb6390778a21e6f4080,pylint/checkers/imports.py,mapped,modified_line_containment,1.0,,sha256:6865e3e6ed8b2cd785683700622cfe8100eac9f1f69759f475cd30b66c274445,ImportsChecker._get_imported_module,method,793,4,823,19,modified,1,pylint/checkers/imports.py,pylint/checkers/imports.py,800,10,801,10,803 804 806,800 801 802 805 807 808 809,805,sha256:41d51344f12bbc341f520c1875c79828f1bba02c45ee91cb19b574a1ad449fec,approved,true,true,true,Verified against patch hunk base source and independent AST.
44,20260902,deletion multi_file_ticket nested_symbol,sha256:c6e8112db5f3ffded3a13ee09796278d7baaf270f040b06aae5c14c801477686,astropy__astropy-13465,astropy/astropy,0f3e4a6549bc8bb3276184a021ecdd3482eb5d13,astropy/io/fits/diff.py,mapped,modified_line_containment,1.0,,sha256:0f991ff0b854e5fbd684ccb103336c2cdc65625a15ec26b3a6b729e6c4696374,TableDataDiff._report,method,1398,4,1447,64,modified,3,astropy/io/fits/diff.py,astropy/io/fits/diff.py,1433,7,1436,8,1436,1433 1434 1435 1437 1438 1439,1437,sha256:b6de43113115ef1de499b3da7117ecc85b37c58680ff9e987c43c2008e6f88cf,approved,true,true,true,Verified against patch hunk base source and independent AST.
45,20260902,multi_file_ticket nested_symbol pure_addition,sha256:1b3b0bb9e086eded3ff43d298b1ce1e586f2e5a250bacf2bd55529e9937b58ef,django__django-15139,django/django,08d8bccbf1b0764a0de68325569ee47da256e206,django/contrib/sessions/backends/base.py,mapped,insertion_anchor_containment,0.8,,sha256:d8e699c6c5b901a5318bf478ead6f86c17ebdcdf292ce0ae9d8fa84b1cb7df47,SessionBase.get_expiry_date,method,218,4,237,55,modified,1,django/contrib/sessions/backends/base.py,django/contrib/sessions/backends/base.py,233,6,235,8,,233 234 235 236 237 238,235,sha256:eda6a963b0a542eca714643ceb6c713353670377c9a5faa7e53e1de0e4619aad,approved,true,true,true,Verified against patch hunk base source and independent AST.
46,20260902,multi_file_ticket nested_symbol pure_addition,sha256:04220c8dcbcdee815f8fc66d613cece2d2c8dda0757e3d568eef37bda4ad76ac,pylint-dev__pylint-6528,pylint-dev/pylint,273a8b25620467c1e5686aa8d2a1dbb8c02c78d0,pylint/lint/pylinter.py,mapped,insertion_anchor_containment,0.8,,sha256:fe7d50dffc56eca21d8db165ef82a7e301c9d13ab9ca752836bf7d489b3edc72,PyLinter._discover_files,method,567,4,592,31,modified,2,pylint/lint/pylinter.py,pylint/lint/pylinter.py,579,6,578,16,,579 580 581 582 583 584,581,sha256:ed4b5b19c13c683360c4743ed660335fe029bd870faa3e786eda6271abc55265,approved,true,true,true,Verified against patch hunk base source and independent AST.
47,20260902,multi_file_ticket nested_symbol pure_addition,sha256:ff8dddb5e4502480723bae34bb6d2952aa44f7c352f96aca9b7bff8a9fc8f946,psf__requests-1776,psf/requests,4bceb312f1b99d36a25f2985b5606e98b6f0d8cd,requests/models.py,mapped,insertion_anchor_containment,0.8,,sha256:c57c0c80c8c0768262302a856670dad40846ff6ac8c9bdd9efe66e416ae7752f,PreparedRequest.copy,method,297,4,304,16,modified,1,requests/models.py,requests/models.py,299,6,302,7,,299 300 301 302 303 304,301,sha256:b523f16420da794e0bfb2ed13de62f50e76bf1187dd05ad3e632c6e29a68a23a,approved,true,true,true,Verified against patch hunk base source and independent AST.
48,20260902,multi_file_ticket nested_symbol pure_addition,sha256:9ae3111f893dbc055723765523be6a1a598fea319cbe2c7b2cbc6a10fa9ab212,mwaskom__seaborn-3187,mwaskom/seaborn,22cdfb0c93f8ec78492d87edb810f10cb7f57a31,seaborn/_core/scales.py,mapped,insertion_anchor_containment,0.8,,sha256:7f622d71feedd86aaa0021b3a38068a8f37f914f3ce8425695c6b0fd108d582c,ContinuousBase._setup,method,322,4,384,18,modified,0,seaborn/_core/scales.py,seaborn/_core/scales.py,378,6,378,14,,378 379 380 381 382 383,380,sha256:578f98370810261561a8936dd7202e8c6644ef8d9ae52a54578a680f3cb4fc1f,approved,true,true,true,Verified against patch hunk base source and independent AST.
49,20260902,module_level multi_file_ticket,sha256:865e9a511ceda95faf6c5e7219cb8d3298d0962683d07f1277df40f213673b66,pytest-dev__pytest-10893,pytest-dev/pytest,22524046cff84c66f128da9e3cdb993082445c75,src/_pytest/pathlib.py,mapped,module_level,0.8,,sha256:327c7aeb88b40efb21650b509cbd82050a71b335ace877664caf4090cf66ce4b,<module>,module,30,0,30,0,modified,1,src/_pytest/pathlib.py,src/_pytest/pathlib.py,28,6,29,8,,28 29 30 31 32 33,30,sha256:4df2577931b93db879e434bf97c7a4546c6aceff92d425b93d1886082326cf2a,approved,true,true,true,Verified against patch hunk base source and independent AST.
50,20260902,multi_file_ticket nested_symbol pure_addition,sha256:11a086c7a14769be4638b1bed7ee4082fbd5b3062fb2f7067b9234df407240a1,sympy__sympy-13279,sympy/sympy,613373e31790f06b7324dd5ef887198538204bcc,sympy/core/mul.py,mapped,insertion_anchor_containment,0.8,,sha256:b9502566dd4fe4daced220c4972f5d4896cb844da03a37459ebfecc60a8376e6,Mul.flatten,method,97,4,616,45,modified,1,sympy/core/mul.py,sympy/core/mul.py,271,6,272,10,,271 272 273 274 275 276,273,sha256:e65a34cbdff19c49f992f4fa805f4f9b76351cef2cc13b546bcdd3ff143aa170,approved,true,true,true,Verified against patch hunk base source and independent AST.
